Category: All categories,
,
Month,Çö±Ý
Dec-09,38
Jan-10,63
Feb-10,22
Mar-10,28
Apr-10,27
May-10,27
Jun-10,17
Jul-10,26
Aug-10,31
Sep-10,42
Oct-10,44
Nov-10,41
Dec-10,57
Jan-11,100
Feb-11,26
Mar-11,22
Apr-11,26
May-11,26
Jun-11,18
Jul-11,23
Aug-11,19
Sep-11,19
Oct-11,23
Nov-11,22
Dec-11,19
Jan-12,64
Feb-12,45
Mar-12,39
Apr-12,18
May-12,17
Jun-12,31
Jul-12,21
Aug-12,14
Sep-12,18
Oct-12,15
Nov-12,14
Dec-12,20
Jan-13,28
Feb-13,20
Mar-13,19
Apr-13,14
May-13,16
Jun-13,14
Jul-13,14
Aug-13,14
Sep-13,14
Oct-13,14
Nov-13,14
Dec-13,14
Jan-14,26
Feb-14,22
Mar-14,16
Apr-14,14
May-14,18
Jun-14,15
Jul-14,15
Aug-14,14
Sep-14,15
Oct-14,12
Nov-14,15
Dec-14,15
Jan-15,25
Feb-15,17
Mar-15,15
Apr-15,14
May-15,13
Jun-15,11
Jul-15,10
Aug-15,13
Sep-15,12
Oct-15,11
Nov-15,10
Dec-15,13
Jan-16,17
Feb-16,13
Mar-16,11
Apr-16,10
May-16,11
Jun-16,13
Jul-16,12
Aug-16,11
Sep-16,11
Oct-16,11
Nov-16,10
Dec-16,11
Jan-17,14
Feb-17,15
Mar-17,13
Apr-17,13
May-17,12
Jun-17,14
Jul-17,13
Aug-17,12
Sep-17,13
Oct-17,14
Nov-17,14
Dec-17,14
Jan-18,21
Feb-18,17
Mar-18,15
Apr-18,13
May-18,14
Jun-18,14
Jul-18,16
Aug-18,15
Sep-18,14
